﻿<?xml version="1.0" encoding="utf-8"?>
<Configuration>
  <Coordinations>
	  <Coordination Type="SwitchingWorker" Id="101" Name="收货区按钮呼叫AGV业务1" WorkerName="Worker#101" Class="ClSwitchingButtonsWorker" NameSpace="CLWCS.WareHouse.Worker.SNGX" WorkSize="1">
		  <Config>
			  <Assistants>
				  <Assistant DeviceId="10101" AssistantType="Station" IsRegisterFinish="false"></Assistant>
			  </Assistants>
		  </Config>
		  <BusinessHandle Type=""  Class="AgvCallWorkerBusiness" NameSpace="CLWCS.WareHouse.Worker.SNGX">
			  <Config  Type=""></Config>
		  </BusinessHandle>
	  </Coordination>
	  <Coordination Type="SwitchingWorker" Id="102" Name="收货区按钮呼叫AGV业务2" WorkerName="Worker#102" Class="ClSwitchingButtonsWorker" NameSpace="CLWCS.WareHouse.Worker.SNGX" WorkSize="1">
		  <Config>
			  <Assistants>
				  <Assistant DeviceId="10201" AssistantType="Station" IsRegisterFinish="false"></Assistant>
			  </Assistants>
		  </Config>
		  <BusinessHandle Type=""  Class="AgvCallWorkerBusiness" NameSpace="CLWCS.WareHouse.Worker.SNGX">
			  <Config  Type=""></Config>
		  </BusinessHandle>
	  </Coordination>
	  <Coordination Type="SwitchingWorker" Id="103" Name="收货区按钮呼叫AGV业务3" WorkerName="Worker#103" Class="ClSwitchingButtonsWorker" NameSpace="CLWCS.WareHouse.Worker.SNGX" WorkSize="1">
		  <Config>
			  <Assistants>
				  <Assistant DeviceId="10301" AssistantType="Station" IsRegisterFinish="false"></Assistant>
			  </Assistants>
		  </Config>
		  <BusinessHandle Type=""  Class="AgvCallWorkerBusiness" NameSpace="CLWCS.WareHouse.Worker.SNGX">
			  <Config  Type=""></Config>
		  </BusinessHandle>
	  </Coordination>
	  <Coordination Type="SwitchingWorker" Id="104" Name="收货区按钮呼叫AGV业务4" WorkerName="Worker#104" Class="ClSwitchingButtonsWorker" NameSpace="CLWCS.WareHouse.Worker.SNGX" WorkSize="1">
		  <Config>
			  <Assistants>
				  <Assistant DeviceId="10401" AssistantType="Station" IsRegisterFinish="false"></Assistant>
			  </Assistants>
		  </Config>
		  <BusinessHandle Type=""  Class="AgvCallWorkerBusiness" NameSpace="CLWCS.WareHouse.Worker.SNGX">
			  <Config  Type=""></Config>
		  </BusinessHandle>
	  </Coordination>
	  <Coordination Type="SwitchingWorker" Id="105" Name="收货区按钮呼叫AGV业务5" WorkerName="Worker#105" Class="ClSwitchingButtonsWorker" NameSpace="CLWCS.WareHouse.Worker.SNGX" WorkSize="1">
		  <Config>
			  <Assistants>
				  <Assistant DeviceId="10501" AssistantType="Station" IsRegisterFinish="false"></Assistant>
			  </Assistants>
		  </Config>
		  <BusinessHandle Type=""  Class="AgvCallWorkerBusiness" NameSpace="CLWCS.WareHouse.Worker.SNGX">
			  <Config  Type=""></Config>
		  </BusinessHandle>
	  </Coordination>
	  <Coordination Type="SwitchingWorker" Id="106" Name="收货区按钮呼叫AGV业务6" WorkerName="Worker#106" Class="ClSwitchingButtonsWorker" NameSpace="CLWCS.WareHouse.Worker.SNGX" WorkSize="1">
		  <Config>
			  <Assistants>
				  <Assistant DeviceId="10601" AssistantType="Station" IsRegisterFinish="false"></Assistant>
			  </Assistants>
		  </Config>
		  <BusinessHandle Type=""  Class="AgvCallWorkerBusiness" NameSpace="CLWCS.WareHouse.Worker.SNGX">
			  <Config  Type=""></Config>
		  </BusinessHandle>
	  </Coordination>
	  <Coordination Type="SwitchingWorker" Id="107" Name="收货区按钮呼叫AGV业务7" WorkerName="Worker#107" Class="ClSwitchingButtonsWorker" NameSpace="CLWCS.WareHouse.Worker.SNGX" WorkSize="1">
		  <Config>
			  <Assistants>
				  <Assistant DeviceId="10701" AssistantType="Station" IsRegisterFinish="false"></Assistant>
			  </Assistants>
		  </Config>
		  <BusinessHandle Type=""  Class="AgvCallWorkerBusiness" NameSpace="CLWCS.WareHouse.Worker.SNGX">
			  <Config  Type=""></Config>
		  </BusinessHandle>
	  </Coordination>
	  <Coordination Type="SwitchingWorker" Id="108" Name="收货区按钮呼叫AGV业务8" WorkerName="Worker#108" Class="ClSwitchingButtonsWorker" NameSpace="CLWCS.WareHouse.Worker.SNGX" WorkSize="1">
		  <Config>
			  <Assistants>
				  <Assistant DeviceId="10801" AssistantType="Station" IsRegisterFinish="false"></Assistant>
			  </Assistants>
		  </Config>
		  <BusinessHandle Type=""  Class="AgvCallWorkerBusiness" NameSpace="CLWCS.WareHouse.Worker.SNGX">
			  <Config  Type=""></Config>
		  </BusinessHandle>
	  </Coordination>
	  <Coordination Type="SwitchingWorker" Id="109" Name="收货区按钮呼叫AGV业务9" WorkerName="Worker#109" Class="ClSwitchingButtonsWorker" NameSpace="CLWCS.WareHouse.Worker.SNGX" WorkSize="1">
		  <Config>
			  <Assistants>
				  <Assistant DeviceId="10901" AssistantType="Station" IsRegisterFinish="false"></Assistant>
			  </Assistants>
		  </Config>
		  <BusinessHandle Type=""  Class="AgvCallWorkerBusiness" NameSpace="CLWCS.WareHouse.Worker.SNGX">
			  <Config  Type=""></Config>
		  </BusinessHandle>
	  </Coordination>
	  <Coordination Type="SwitchingWorker" Id="110" Name="收货区按钮呼叫AGV业务10" WorkerName="Worker#110" Class="ClSwitchingButtonsWorker" NameSpace="CLWCS.WareHouse.Worker.SNGX" WorkSize="1">
		  <Config>
			  <Assistants>
				  <Assistant DeviceId="11001" AssistantType="Station" IsRegisterFinish="false"></Assistant>
			  </Assistants>
		  </Config>
		  <BusinessHandle Type=""  Class="AgvCallWorkerBusiness" NameSpace="CLWCS.WareHouse.Worker.SNGX">
			  <Config  Type=""></Config>
		  </BusinessHandle>
	  </Coordination>
	  <Coordination Type="SwitchingWorker" Id="111" Name="收货区按钮呼叫AGV业务11" WorkerName="Worker#111" Class="ClSwitchingButtonsWorker" NameSpace="CLWCS.WareHouse.Worker.SNGX" WorkSize="1">
		  <Config>
			  <Assistants>
				  <Assistant DeviceId="11101" AssistantType="Station" IsRegisterFinish="false"></Assistant>
			  </Assistants>
		  </Config>
		  <BusinessHandle Type=""  Class="AgvCallWorkerBusiness" NameSpace="CLWCS.WareHouse.Worker.SNGX">
			  <Config  Type=""></Config>
		  </BusinessHandle>
	  </Coordination>
	  <Coordination Type="SwitchingWorker" Id="112" Name="收货区按钮呼叫AGV业务12" WorkerName="Worker#112" Class="ClSwitchingButtonsWorker" NameSpace="CLWCS.WareHouse.Worker.SNGX" WorkSize="1">
		  <Config>
			  <Assistants>
				  <Assistant DeviceId="11201" AssistantType="Station" IsRegisterFinish="false"></Assistant>
			  </Assistants>
		  </Config>
		  <BusinessHandle Type=""  Class="AgvCallWorkerBusiness" NameSpace="CLWCS.WareHouse.Worker.SNGX">
			  <Config  Type=""></Config>
		  </BusinessHandle>
	  </Coordination>
	  <Coordination Type="SwitchingWorker" Id="113" Name="收货区按钮呼叫AGV业务13" WorkerName="Worker#113" Class="ClSwitchingButtonsWorker" NameSpace="CLWCS.WareHouse.Worker.SNGX" WorkSize="1">
		  <Config>
			  <Assistants>
				  <Assistant DeviceId="11301" AssistantType="Station" IsRegisterFinish="false"></Assistant>
			  </Assistants>
		  </Config>
		  <BusinessHandle Type=""  Class="AgvCallWorkerBusiness" NameSpace="CLWCS.WareHouse.Worker.SNGX">
			  <Config  Type=""></Config>
		  </BusinessHandle>
	  </Coordination>
	  <Coordination Type="SwitchingWorker" Id="114" Name="收货区按钮呼叫AGV业务14" WorkerName="Worker#114" Class="ClSwitchingButtonsWorker" NameSpace="CLWCS.WareHouse.Worker.SNGX" WorkSize="1">
		  <Config>
			  <Assistants>
				  <Assistant DeviceId="11401" AssistantType="Station" IsRegisterFinish="false"></Assistant>
			  </Assistants>
		  </Config>
		  <BusinessHandle Type=""  Class="AgvCallWorkerBusiness" NameSpace="CLWCS.WareHouse.Worker.SNGX">
			  <Config  Type=""></Config>
		  </BusinessHandle>
	  </Coordination>
	  <Coordination Type="SwitchingWorker" Id="115" Name="收货区按钮呼叫AGV业务15" WorkerName="Worker#115" Class="ClSwitchingButtonsWorker" NameSpace="CLWCS.WareHouse.Worker.SNGX" WorkSize="1">
		  <Config>
			  <Assistants>
				  <Assistant DeviceId="11501" AssistantType="Station" IsRegisterFinish="false"></Assistant>
			  </Assistants>
		  </Config>
		  <BusinessHandle Type=""  Class="AgvCallWorkerBusiness" NameSpace="CLWCS.WareHouse.Worker.SNGX">
			  <Config  Type=""></Config>
		  </BusinessHandle>
	  </Coordination>
	  
	  <Coordination Type="SwitchingWorker" Id="116" Name="料箱申请业务16" WorkerName="Worker#116" Class="ClSwitchingApplyContainerWorker" NameSpace="CLWCS.WareHouse.Worker.SNGX" WorkSize="1">
		  <Config>
			  <Assistants>
				  <Assistant DeviceId="11601" AssistantType="Station" IsRegisterFinish="false"></Assistant>
			  </Assistants>
		  </Config>
		  <BusinessHandle Type=""  Class="ApplyContainerWorkerBusiness" NameSpace="CLWCS.WareHouse.Worker.SNGX">
			  <Config  Type=""></Config>
		  </BusinessHandle>
	  </Coordination>

	  <Coordination Type="SwitchingWorker" Id="117" Name="入库请求业务17" WorkerName="Worker#117" Class="ClSwitchingApplyInWorker" NameSpace="CLWCS.WareHouse.Worker.SNGX" WorkSize="1">
		  <Config>
			  <Assistants>
				  <Assistant DeviceId="11701" AssistantType="Station" IsRegisterFinish="false"></Assistant>
			  </Assistants>
		  </Config>
		  <BusinessHandle Type=""  Class="ApplyInWorkerBusiness" NameSpace="CLWCS.WareHouse.Worker.SNGX">
			  <Config  Type=""></Config>
		  </BusinessHandle>
	  </Coordination>
	  <Coordination Type="SwitchingWorker" Id="118" Name="入库请求业务18" WorkerName="Worker#118" Class="ClSwitchingApplyInWorker" NameSpace="CLWCS.WareHouse.Worker.SNGX" WorkSize="1">
		  <Config>
			  <Assistants>
				  <Assistant DeviceId="11801" AssistantType="Station" IsRegisterFinish="false"></Assistant>
			  </Assistants>
		  </Config>
		  <BusinessHandle Type=""  Class="ApplyInWorkerBusiness" NameSpace="CLWCS.WareHouse.Worker.SNGX">
			  <Config  Type=""></Config>
		  </BusinessHandle>
	  </Coordination>

	  <Coordination Type="IdentityWorker" Id="1" Name="入库验证01" WorkerName="Worker#1" Class="ClInCheckWorkerForSNGX" NameSpace="CLWCS.WareHouse.Worker.SNGX" WorkSize="1">
		  <Config>
			  <Assistants>
				  <Assistant DeviceId="102401" AssistantType="ContainerScanner" IsRegisterFinish="false"></Assistant>
				  <Assistant DeviceId="1024" AssistantType="ReadyPoint" IsRegisterFinish="true"></Assistant>
			  </Assistants>
		  </Config>
		  <BusinessHandle Type=""  Class="InCheckWorkerBusinessForSNGX" NameSpace="CLWCS.WareHouse.Worker.SNGX">
			  <Config  Type="">
				  <Routes>
					  <!--验证通过口-->
					  <PassedAssistant></PassedAssistant>
					  <!--验证失败口-->
					  <FailedAssistant>1024</FailedAssistant>
				  </Routes>
			  </Config>+
			  
		  </BusinessHandle>
	  </Coordination>

	  <Coordination Type="OrderWorker" Id="2" Name="入库辊筒线调度" WorkerName="Worker#2" Class="TransportPointStationWorker" NameSpace="CLDC.CLWS.CLWCS.WareHouse.Worker" WorkSize="10">
		  <Config>
			  <AddrPrefixs>
				  <Prefixs Type="In" Value="Entrance:4_1_1|QualityPort:3_1_1|CachePort:4_2_1|QualityPort:3_2_1|InAndOutPort:1_2_1|InAndOutPort:2_2_1|PickingPort:5_2_1"/>
				  <Prefixs Type="Out" Value=""/>
				  <Prefixs Type="Move" Value="FloorStation:1_1_1|FloorStation:2_1_1|FloorStation:3_1_1"/>
			  </AddrPrefixs>
			  <Assistants>
				  <!--1楼入库起点-->
				  <Assistant DeviceId="1024" AssistantType="Transport" IsRegisterFinish="false"></Assistant>
				  <Assistant DeviceId="1023" AssistantType="Transport" IsRegisterFinish="false"></Assistant>

				  <!--1楼入库站台-->
				  <Assistant DeviceId="2001" AssistantType="Station" IsRegisterFinish="true"></Assistant>
				  <Assistant DeviceId="2004" AssistantType="Station" IsRegisterFinish="true"></Assistant>
				  <Assistant DeviceId="2020" AssistantType="Station" IsRegisterFinish="true"></Assistant>

				  <!--2楼入库起点-->
				  <Assistant DeviceId="4016" AssistantType="Transport" IsRegisterFinish="false"></Assistant>
				  <Assistant DeviceId="3018" AssistantType="Transport" IsRegisterFinish="false"></Assistant>
				  <Assistant DeviceId="3017" AssistantType="Transport" IsRegisterFinish="false"></Assistant>
				  <Assistant DeviceId="3014" AssistantType="Transport" IsRegisterFinish="false"></Assistant>
				  <Assistant DeviceId="3015" AssistantType="Transport" IsRegisterFinish="false"></Assistant>
				  
				  <!--2楼入库站台-->
				  <Assistant DeviceId="4001" AssistantType="Station" IsRegisterFinish="true"></Assistant>
				  <Assistant DeviceId="4004" AssistantType="Station" IsRegisterFinish="true"></Assistant>
				  <Assistant DeviceId="4021" AssistantType="Station" IsRegisterFinish="true"></Assistant>
				  
				  <!--1楼移库站台-->
				  <Assistant DeviceId="1001" AssistantType="Transport" IsRegisterFinish="false"/>
				  <Assistant DeviceId="1004" AssistantType="Transport" IsRegisterFinish="false"/>
				  <Assistant DeviceId="1020" AssistantType="Transport" IsRegisterFinish="false"/>


				  <!--货架-->
				  <Assistant DeviceId="7001" AssistantType="Station" IsRegisterFinish="false"></Assistant>
				  <Assistant DeviceId="7002" AssistantType="Station" IsRegisterFinish="false"></Assistant>
				  <Assistant DeviceId="7003" AssistantType="Station" IsRegisterFinish="false"></Assistant>
				  <Assistant DeviceId="7004" AssistantType="Station" IsRegisterFinish="false"></Assistant>
				  <Assistant DeviceId="7005" AssistantType="Station" IsRegisterFinish="false"></Assistant>
				  <Assistant DeviceId="7006" AssistantType="Station" IsRegisterFinish="false"></Assistant>
			  </Assistants>
		  </Config>
		  <BusinessHandle Type=""  Class="TransportPointStationBusiness" NameSpace="CLDC.CLWS.CLWCS.WareHouse.Worker">
			  <Config  Type="">
			  </Config>
		  </BusinessHandle>
	  </Coordination>

	  <Coordination Name="出库辊筒线调度" Class="TransportPointStationWorker" NameSpace="CLDC.CLWS.CLWCS.WareHouse.Worker" Type="OrderWorker" Id="3" WorkerName="Worker#3" WorkSize="200">
		  <Config>
			  <AddrPrefixs>
				  <Prefixs Type="In" Value="" />
				  <Prefixs Type="Out" Value="FloorStation:1_1_1|FloorStation:2_1_1|FloorStation:3_1_1|CachePort:4_1_1|QualityPort:3_1_1|FloorStation:1_3_1|FloorStation:2_3_1|FloorStation:3_3_1|CachePort:4_2_1|QualityPort:3_2_1|PickingPort:5_2_1|InAndOutPort:1_2_1|InAndOutPort:2_2_1|Entrance:4_1_1" />
				  <Prefixs Type="Move" Value="" />
			  </AddrPrefixs>
			  <Assistants>
				  <!--1楼出库站台-->
				  <Assistant DeviceId="1001" AssistantType="Transport" IsRegisterFinish="false" />
				  <Assistant DeviceId="1004" AssistantType="Transport" IsRegisterFinish="false" />
				  <Assistant DeviceId="1020" AssistantType="Transport" IsRegisterFinish="false" />

				  <!--回退-->
				  <Assistant DeviceId="1024" AssistantType="Transport" IsRegisterFinish="true" />
				  
				  <!--1楼出库终点-->
				  <Assistant DeviceId="2024" AssistantType="Transport" IsRegisterFinish="true" />
				  <Assistant DeviceId="1023" AssistantType="Transport" IsRegisterFinish="true"/>

				  <!--2楼出库站台-->
				  <Assistant DeviceId="3001" AssistantType="Transport" IsRegisterFinish="false" />
				  <Assistant DeviceId="3004" AssistantType="Transport" IsRegisterFinish="false" />
				  <Assistant DeviceId="3023" AssistantType="Transport" IsRegisterFinish="false" />

				  <!--2楼出库终点-->
				  <Assistant DeviceId="3014" AssistantType="Transport" IsRegisterFinish="true" />
				  <Assistant DeviceId="3015" AssistantType="Transport" IsRegisterFinish="true"/>
				  <Assistant DeviceId="3017" AssistantType="Transport" IsRegisterFinish="true" />
				  <Assistant DeviceId="3018" AssistantType="Transport" IsRegisterFinish="true" />
				  <Assistant DeviceId="4016" AssistantType="Transport" IsRegisterFinish="true" />
			  </Assistants>
		  </Config>
		  <BusinessHandle Class="TransportPointStationBusiness" NameSpace="CLDC.CLWS.CLWCS.WareHouse.Worker">
			  <Config />
		  </BusinessHandle>
	  </Coordination>


	  <Coordination Type="InAndOutWorker" Id="301" Name="堆垛机01调度" WorkerName="Worker#301" Class="ClInAndOutCellWorker" NameSpace="CLDC.CLWS.CLWCS.WareHouse.Worker" WorkSize="10">
		  <Config>
			  <AddrPrefixs>
				  <Prefixs Type="In" Value="FloorStation:1_2_1|FloorStation:1_4_1" />
				  <Prefixs Type="Out" Value="Cell:1_A01|Cell:2_A01" />
				  <!--跨巷道移库放在2楼出库站台,先注释，移库先放到1楼先-->
				  <!--<Prefixs Type="Move" Value="FloorStation:1_3_1|Cell:1_A01|Cell:2_A01" />-->
				  <Prefixs Type="Move" Value="FloorStation:1_2_1|Cell:1_A01|Cell:2_A01" />
			  </AddrPrefixs>
			  <Assistants>
				  <!--堆垛机1配置-->
				  <!--1楼站台-->
				  <Assistant DeviceId="2001" AssistantType="Station" IsRegisterFinish="false"/>
				  <Assistant DeviceId="1001" AssistantType="Station" IsRegisterFinish="false"/>

				  <!--2楼站台-->
				  <Assistant DeviceId="4001" AssistantType="Station" IsRegisterFinish="false"/>
				  <Assistant DeviceId="3001" AssistantType="Station" IsRegisterFinish="false"/>

				  <!--货架-->
				  <Assistant DeviceId="7001" AssistantType="Station" IsRegisterFinish="false"/>
				  <Assistant DeviceId="7002" AssistantType="Station" IsRegisterFinish="false" />

				  <!--堆垛机-->
				  <Assistant DeviceId="9001" AssistantType="Transport" IsRegisterFinish="true"/>
			  </Assistants>
		  </Config>
		  <BusinessHandle Type="" Class="StackingcraneWorkerBusiness" NameSpace="CLWCS.WareHouse.Worker.SNGX">
			  <Config Type="">
			  </Config>
		  </BusinessHandle>
	  </Coordination>


	  <Coordination Type="InAndOutWorker" Id="302" Name="堆垛机02调度" WorkerName="Worker#302" Class="ClInAndOutCellWorker" NameSpace="CLDC.CLWS.CLWCS.WareHouse.Worker" WorkSize="10">
		  <Config>
			  <AddrPrefixs>
				  <Prefixs Type="In" Value="FloorStation:2_2_1|FloorStation:2_4_1" />
				  <Prefixs Type="Out" Value="Cell:3_A01|Cell:4_A01" />
				  <!--跨巷道移库放在2楼出库站台,先注释，移库先放到1楼先-->
				  <Prefixs Type="Move" Value="FloorStation:2_2_1|Cell:3_A01|Cell:4_A01" />
			  </AddrPrefixs>
			  <Assistants>
				  <!--堆垛机2配置-->
				  <!--1楼站台-->
				  <Assistant DeviceId="2004" AssistantType="Station" IsRegisterFinish="false"/>
				  <Assistant DeviceId="1004" AssistantType="Station" IsRegisterFinish="false"/>

				  <!--2楼站台-->
				  <Assistant DeviceId="4004" AssistantType="Station" IsRegisterFinish="false"/>
				  <Assistant DeviceId="3004" AssistantType="Station" IsRegisterFinish="false"/>

				  <!--货架-->
				  <Assistant DeviceId="7003" AssistantType="Station" IsRegisterFinish="false"/>
				  <Assistant DeviceId="7004" AssistantType="Station" IsRegisterFinish="false" />

				  <!--堆垛机-->
				  <Assistant DeviceId="9002" AssistantType="Transport" IsRegisterFinish="true"/>
			  </Assistants>
		  </Config>
		  <BusinessHandle Type="" Class="StackingcraneWorkerBusiness" NameSpace="CLWCS.WareHouse.Worker.SNGX">
			  <Config Type="">
			  </Config>
		  </BusinessHandle>
	  </Coordination>

	  <Coordination Type="InAndOutWorker" Id="303" Name="堆垛机03调度" WorkerName="Worker#303" Class="ClInAndOutCellWorker" NameSpace="CLDC.CLWS.CLWCS.WareHouse.Worker" WorkSize="10">
		  <Config>
			  <AddrPrefixs>
				  <Prefixs Type="In" Value="FloorStation:3_2_1|FloorStation:3_4_1|FloorStation:3_1_1" />
				  <Prefixs Type="Out" Value="Cell:5_A02|Cell:6_A02" />
				  <!--跨巷道移库放在2楼出库站台,先注释，移库先放到1楼先-->
				  <!--<Prefixs Type="Move" Value="FloorStation:3_3_1|Cell:5_A02|Cell:6_A02" />-->
				  <Prefixs Type="Move" Value="FloorStation:3_2_1|Cell:5_A02|Cell:6_A02" />
			  </AddrPrefixs>
			  <Assistants>
				  <!--堆垛机3配置-->
				  <!--1楼站台-->
				  <Assistant DeviceId="2020" AssistantType="Station" IsRegisterFinish="false"/>
				  <Assistant DeviceId="1020" AssistantType="Station" IsRegisterFinish="false"/>

				  <!--2楼站台-->
				  <Assistant DeviceId="4021" AssistantType="Station" IsRegisterFinish="false"/>
				  <Assistant DeviceId="3023" AssistantType="Station" IsRegisterFinish="false"/>
				  
				  <!--货架-->
				  <Assistant DeviceId="7005" AssistantType="Station" IsRegisterFinish="false"/>
				  <Assistant DeviceId="7006" AssistantType="Station" IsRegisterFinish="false" />
				  
				  <!--堆垛机-->
				  <Assistant DeviceId="9003" AssistantType="Transport" IsRegisterFinish="true"/>
			  </Assistants>
		  </Config>
		  <BusinessHandle Type="" Class="StackingcraneWorkerBusiness" NameSpace="CLWCS.WareHouse.Worker.SNGX">
			  <Config Type="">
			  </Config>
		  </BusinessHandle>
	  </Coordination>

  </Coordinations>
</Configuration>