﻿<?xml version="1.0" encoding="utf-8" ?>
<Tab>
  <DeviceType name="OrderWorker">
	  <!--1楼入库口-->
    <Compute DeviceName="PointStation#1024" DestAddr="Cell:1_A01|Cell:2_A01" NextAddr="FloorStation:1_2_1"/>
    <Compute DeviceName="PointStation#1024" DestAddr="Cell:3_A01|Cell:4_A01" NextAddr="FloorStation:2_2_1"/>
	<Compute DeviceName="PointStation#1024" DestAddr="Cell:5_A02|Cell:6_A02" NextAddr="FloorStation:3_2_1"/>

	  <!--1楼品质检验口-->
	  <Compute DeviceName="PointStation#1023" DestAddr="Cell:1_A01|Cell:2_A01" NextAddr="FloorStation:1_2_1"/>
	  <Compute DeviceName="PointStation#1023" DestAddr="Cell:3_A01|Cell:4_A01" NextAddr="FloorStation:2_2_1"/>
	 <Compute DeviceName="PointStation#1023" DestAddr="Cell:5_A02|Cell:6_A02" NextAddr="FloorStation:3_2_1"/>

	  <!--出库站台配置（移库用）-->
	  <Compute DeviceName="PointStation#1001" DestAddr="Cell:3_A01|Cell:4_A01" NextAddr="FloorStation:2_2_1"/>
	  <Compute DeviceName="PointStation#1001" DestAddr="Cell:5_A02|Cell:6_A02" NextAddr="FloorStation:3_2_1"/>

	  <Compute DeviceName="PointStation#1004" DestAddr="Cell:1_A01|Cell:2_A01" NextAddr="FloorStation:1_2_1"/>
	  <Compute DeviceName="PointStation#1004" DestAddr="Cell:5_A02|Cell:6_A02" NextAddr="FloorStation:3_2_1"/>

	  <Compute DeviceName="PointStation#1020" DestAddr="Cell:1_A01|Cell:2_A01" NextAddr="FloorStation:1_2_1"/>
	  <Compute DeviceName="PointStation#1020" DestAddr="Cell:3_A01|Cell:4_A01" NextAddr="FloorStation:2_2_1"/>
	  
	  <!--货架到1楼,先注释，移库先放到1楼先-->
	<!--<Compute DeviceName="Rack#7001" DestAddr="CachePort:4_1_1|QualityPort:3_1_1" NextAddr="FloorStation:1_1_1"/>
	<Compute DeviceName="Rack#7002" DestAddr="CachePort:4_1_1|QualityPort:3_1_1" NextAddr="FloorStation:1_1_1"/>
	<Compute DeviceName="Rack#7003" DestAddr="CachePort:4_1_1|QualityPort:3_1_1" NextAddr="FloorStation:2_1_1"/>
	<Compute DeviceName="Rack#7004" DestAddr="CachePort:4_1_1|QualityPort:3_1_1" NextAddr="FloorStation:2_1_1"/>
	<Compute DeviceName="Rack#7005" DestAddr="CachePort:4_1_1|QualityPort:3_1_1" NextAddr="FloorStation:3_1_1"/>
	<Compute DeviceName="Rack#7006" DestAddr="CachePort:4_1_1|QualityPort:3_1_1" NextAddr="FloorStation:3_1_1"/>-->
	  <Compute DeviceName="Rack#7001" DestAddr="CachePort:4_1_1|QualityPort:3_1_1|Cell:3_A01|Cell:4_A01|Cell:5_A02|Cell:6_A02" NextAddr="FloorStation:1_1_1"/>
	  <Compute DeviceName="Rack#7002" DestAddr="CachePort:4_1_1|QualityPort:3_1_1|Cell:3_A01|Cell:4_A01|Cell:5_A02|Cell:6_A02" NextAddr="FloorStation:1_1_1"/>
	  <Compute DeviceName="Rack#7003" DestAddr="CachePort:4_1_1|QualityPort:3_1_1|Cell:1_A01|Cell:2_A01|Cell:5_A02|Cell:6_A02" NextAddr="FloorStation:2_1_1"/>
	  <Compute DeviceName="Rack#7004" DestAddr="CachePort:4_1_1|QualityPort:3_1_1|Cell:1_A01|Cell:2_A01|Cell:5_A02|Cell:6_A02" NextAddr="FloorStation:2_1_1"/>
	  <Compute DeviceName="Rack#7005" DestAddr="CachePort:4_1_1|QualityPort:3_1_1|Cell:1_A01|Cell:2_A01|Cell:3_A01|Cell:4_A01" NextAddr="FloorStation:3_1_1"/>
	  <Compute DeviceName="Rack#7006" DestAddr="CachePort:4_1_1|QualityPort:3_1_1|Cell:1_A01|Cell:2_A01|Cell:3_A01|Cell:4_A01" NextAddr="FloorStation:3_1_1"/>
	  
	  <!--货架到2楼,先注释，移库先放到1楼先-->
	  <!--<Compute DeviceName="Rack#7001" DestAddr="CachePort:4_2_1|QualityPort:3_2_1|InAndOutPort:1_2_1|InAndOutPort:2_2_1|PickingPort:5_2_1|Cell:3_A01|Cell:4_A01|Cell:5_A02|Cell:6_A02" NextAddr="FloorStation:1_3_1"/>
	  <Compute DeviceName="Rack#7002" DestAddr="CachePort:4_2_1|QualityPort:3_2_1|InAndOutPort:1_2_1|InAndOutPort:2_2_1|PickingPort:5_2_1|Cell:3_A01|Cell:4_A01|Cell:5_A02|Cell:6_A02" NextAddr="FloorStation:1_3_1"/>
	  <Compute DeviceName="Rack#7003" DestAddr="CachePort:4_2_1|QualityPort:3_2_1|InAndOutPort:1_2_1|InAndOutPort:2_2_1|PickingPort:5_2_1|Cell:1_A01|Cell:2_A01|Cell:5_A02|Cell:6_A02" NextAddr="FloorStation:2_3_1"/>
	  <Compute DeviceName="Rack#7004" DestAddr="CachePort:4_2_1|QualityPort:3_2_1|InAndOutPort:1_2_1|InAndOutPort:2_2_1|PickingPort:5_2_1|Cell:1_A01|Cell:2_A01|Cell:5_A02|Cell:6_A02" NextAddr="FloorStation:2_3_1"/>
	  <Compute DeviceName="Rack#7005" DestAddr="CachePort:4_2_1|QualityPort:3_2_1|InAndOutPort:1_2_1|InAndOutPort:2_2_1|PickingPort:5_2_1|Cell:1_A01|Cell:2_A01|Cell:3_A01|Cell:4_A01" NextAddr="FloorStation:3_3_1"/>
	  <Compute DeviceName="Rack#7006" DestAddr="CachePort:4_2_1|QualityPort:3_2_1|InAndOutPort:1_2_1|InAndOutPort:2_2_1|PickingPort:5_2_1|Cell:1_A01|Cell:2_A01|Cell:3_A01|Cell:4_A01" NextAddr="FloorStation:3_3_1"/>-->
	  <Compute DeviceName="Rack#7001" DestAddr="CachePort:4_2_1|QualityPort:3_2_1|InAndOutPort:1_2_1|InAndOutPort:2_2_1|PickingPort:5_2_1" NextAddr="FloorStation:1_3_1"/>
	  <Compute DeviceName="Rack#7002" DestAddr="CachePort:4_2_1|QualityPort:3_2_1|InAndOutPort:1_2_1|InAndOutPort:2_2_1|PickingPort:5_2_1" NextAddr="FloorStation:1_3_1"/>
	  <Compute DeviceName="Rack#7003" DestAddr="CachePort:4_2_1|QualityPort:3_2_1|InAndOutPort:1_2_1|InAndOutPort:2_2_1|PickingPort:5_2_1" NextAddr="FloorStation:2_3_1"/>
	  <Compute DeviceName="Rack#7004" DestAddr="CachePort:4_2_1|QualityPort:3_2_1|InAndOutPort:1_2_1|InAndOutPort:2_2_1|PickingPort:5_2_1" NextAddr="FloorStation:2_3_1"/>
	  <Compute DeviceName="Rack#7005" DestAddr="CachePort:4_2_1|QualityPort:3_2_1|InAndOutPort:1_2_1|InAndOutPort:2_2_1|PickingPort:5_2_1" NextAddr="FloorStation:3_3_1"/>
	  <Compute DeviceName="Rack#7006" DestAddr="CachePort:4_2_1|QualityPort:3_2_1|InAndOutPort:1_2_1|InAndOutPort:2_2_1|PickingPort:5_2_1" NextAddr="FloorStation:3_3_1"/>

	  <!--2楼品质检验口-->
	  <Compute DeviceName="PointStation#3018" DestAddr="Cell:1_A01|Cell:2_A01" NextAddr="FloorStation:1_4_1"/>
	  <Compute DeviceName="PointStation#3018" DestAddr="Cell:3_A01|Cell:4_A01" NextAddr="FloorStation:2_4_1"/>
	  <Compute DeviceName="PointStation#3018" DestAddr="Cell:5_A02|Cell:6_A02" NextAddr="FloorStation:3_4_1"/>

	  <!--2楼出库口 要支持入-->
	  <Compute DeviceName="PointStation#3014" DestAddr="Cell:1_A01|Cell:2_A01" NextAddr="FloorStation:1_4_1"/>
	  <Compute DeviceName="PointStation#3014" DestAddr="Cell:3_A01|Cell:4_A01" NextAddr="FloorStation:2_4_1"/>
	  <Compute DeviceName="PointStation#3014" DestAddr="Cell:5_A02|Cell:6_A02" NextAddr="FloorStation:3_4_1"/>
	  <Compute DeviceName="PointStation#3015" DestAddr="Cell:1_A01|Cell:2_A01" NextAddr="FloorStation:1_4_1"/>
	  <Compute DeviceName="PointStation#3015" DestAddr="Cell:3_A01|Cell:4_A01" NextAddr="FloorStation:2_4_1"/>
	  <Compute DeviceName="PointStation#3015" DestAddr="Cell:5_A02|Cell:6_A02" NextAddr="FloorStation:3_4_1"/>

	  <!--2楼拣选口-->
	  <Compute DeviceName="PointStation#3017" DestAddr="Cell:1_A01|Cell:2_A01" NextAddr="FloorStation:1_4_1"/>
	  <Compute DeviceName="PointStation#3017" DestAddr="Cell:3_A01|Cell:4_A01" NextAddr="FloorStation:2_4_1"/>
	  <Compute DeviceName="PointStation#3017" DestAddr="Cell:5_A02|Cell:6_A02" NextAddr="FloorStation:3_4_1"/>

  </DeviceType>
</Tab>